file,total_ms,cpu,context,mode,vector,isr,transfer,checks,other
exec_trace_CTX10_ISR120.txt,33015,2972,1200,120,120,7200,1200,20203,0
exec_trace_CTX10_ISR160.txt,33692,2972,1200,120,120,9600,1200,18480,0
exec_trace_CTX10_ISR200.txt,34526,2972,1200,120,120,12000,1200,16914,0
exec_trace_CTX10_ISR40.txt,32526,2972,1200,120,120,2400,1200,24514,0
exec_trace_CTX10_ISR80.txt,32638,2972,1200,120,120,4800,1200,22226,0
exec_trace_CTX20_ISR120.txt,34215,2972,2400,120,120,7200,1200,20203,0
exec_trace_CTX20_ISR160.txt,34892,2972,2400,120,120,9600,1200,18480,0
exec_trace_CTX20_ISR200.txt,35726,2972,2400,120,120,12000,1200,16914,0
exec_trace_CTX20_ISR40.txt,33726,2972,2400,120,120,2400,1200,24514,0
exec_trace_CTX20_ISR80.txt,33838,2972,2400,120,120,4800,1200,22226,0
exec_trace_CTX30_ISR120.txt,35415,2972,3600,120,120,7200,1200,20203,0
exec_trace_CTX30_ISR160.txt,36092,2972,3600,120,120,9600,1200,18480,0
exec_trace_CTX30_ISR200.txt,36926,2972,3600,120,120,12000,1200,16914,0
exec_trace_CTX30_ISR40.txt,34926,2972,3600,120,120,2400,1200,24514,0
exec_trace_CTX30_ISR80.txt,35038,2972,3600,120,120,4800,1200,22226,0
exec_trace_VEC4_CTX10_ISR120.txt,33015,2972,1200,120,120,7200,1200,20203,0
exec_trace_VEC4_CTX10_ISR160.txt,33692,2972,1200,120,120,9600,1200,18480,0
exec_trace_VEC4_CTX10_ISR200.txt,34526,2972,1200,120,120,12000,1200,16914,0
exec_trace_VEC4_CTX10_ISR40.txt,32526,2972,1200,120,120,2400,1200,24514,0
exec_trace_VEC4_CTX10_ISR80.txt,32638,2972,1200,120,120,4800,1200,22226,0
